"orgid","organization","co_sponsor","type","location_name","location_address","city","state","zip_code","frequency","day","times","year_round_or_dates","name","email","phone","website","registration_contact","description","eligibility_requirements","eligibility_requirement","no_photo_id_required","no_registration_required","restricted_access_only_members_of_these_communities","age_restrictions_for_children_or_families_of_children_only","age_restrictions_for_seniors_only","income_maximum_for_eligibility","delivery_available","prepared_meals","grocery_items","fresh_produce","accepts_snap","languages_spoken_other_than_english","other_services_provided_diapers","other_services_provided_baby_formula","other_services_provided_financial_assistance","other_services_provided_clothing","other_services_provided","metro","bus","AUTO_UNIQUE_ID_2021-09-27_fhernandez_UI_Food_resources","Source","TimeTaken","UpdatedGeocoding","Version","ErrorMessage","TransactionId","naaccrQualCode","naaccrQualType","FeatureMatchingResultType","MatchedLocationType","RegionSizeUnits","InterpolationType","RegionSize","InterpolationSubType","FeatureMatchingGeographyType","MatchScore","FeatureMatchingHierarchy","TieHandlingStrategyType","FeatureMatchingResultTypeTieBreakingNotes","GeocodeQualityType","FeatureMatchingHierarchyNotes","FeatureMatchingResultTypeNotes","FeatureMatchingResultCount","Latitude","Longitude","MatchType"
"1","AFAC","NA","Food pantry","AFAC Headquarters","2708 S. Nelson St","Arlington","Virginia","22206","Open Mon-Sat. Participants can visit once per week.","Mon-Fri, Sat","9:30 AM - 2 PM, Sat 9-11 AM","Year-round","Kayla Reid","clientservices@afac.org","571-384-1448","www.afac.org","DHS: 703-228-1300","Supplemental groceries including protien, milk, eggs, fresh produce, and dry goods. Participants can visit this location once a week with a referral. Participants may only choose one AFAC location to pick up food from. Deliveries available to elderly, dis","Open to all Arlington residents. 1st time visitors must bring a photo ID and proof of address. Obtain a referral from DHS, APS social worker, or other social service agency to visit weekly.","1","0","0","0","0","0","0","1","0","1","1","0","NA","0","0","0","0","0","NA","ART 72, 75, 77; Metrobus 7, 22A,  23A",1,"USCGeocoder",62.5057,1,"4.1","","","02","Parcel","Success","LOCATION_TYPE_STREET_ADDRESS","Meters","ArealInterpolation","527.180189713836","ArealInterpolationGeometricCentroid","Parcel","94.8579881656805","FeatureClassBased","ReturnAll","","ExactParcelCentroidPoint","","","1",38.843570835798,-77.0893725370677,"Relaxed"
"2","AFAC","NA","Food pantry","Assembly of God Church","4501 N. Pershing Dr.","Arlington","Virginia","22203","Weekly","Fridays until July 30, 2021","10:30 AM - 12 PM","Year-round","Kayla Reid","clientservices@afac.org","571-384-1448","www.afac.org","DHS: 703-228-1300","Supplemental groceries including protien, milk, eggs, fresh produce, and dry goods. Participants can visit this location once a week with a referral. Participants may only choose one AFAC location to pick up food from.","Open to all Arlington residents. 1st time visitors must bring a photo ID and proof of address. Obtain a referral from DHS, APS social worker, or other social service agency to visit weekly.","1","0","0","0","0","0","0","0","0","1","1","0","NA","0","0","0","0","0","NA","ART 41, 72; Metrobus 4B, 22A",2,"USCGeocoder",62.509,1,"4.1","","","02","Parcel","Success","LOCATION_TYPE_STREET_ADDRESS","Meters","ArealInterpolation","11843.6787166838","ArealInterpolationGeometricCentroid","Parcel","100","FeatureClassBased","ReturnAll","","ExactParcelCentroidPoint","","","1",38.8691707965364,-77.1110717001256,"Exact"
"3","AFAC","NA","Food pantry","Clarendon United Methodist Church","606 N. Irving St","Arlington","Virginia","22201","Weekly","Saturday","8:30 - 10:30 AM","Year-round","Kayla Reid","clientservices@afac.org","571-384-1448","www.afac.org","DHS: 703-228-1300","Supplemental groceries including protien, milk, eggs, fresh produce, and dry goods. Participants can visit this location once a week with a referral. Participants may only choose one AFAC location to pick up food from.","Open to all Arlington residents. 1st time visitors must bring a photo ID and proof of address. Obtain a referral from DHS, APS social worker, or other social service agency to visit weekly.","1","0","0","0","0","0","0","0","0","1","1","0","NA","0","0","0","0","0","Clarendon, Virginia Square","ART 41, 42, 77; Metrobus 4B, 38B",3,"USCGeocoder",281.264,1,"4.1","","","02","Parcel","Success","LOCATION_TYPE_STREET_ADDRESS","Meters","ArealInterpolation","6618.95065200329","ArealInterpolationGeometricCentroid","Parcel","100","FeatureClassBased","ReturnAll","","ExactParcelCentroidPoint","","","1",38.8804213715171,-77.0970903894552,"Exact"
"4","AFAC","NA","Food pantry","Claridge House Senior Apartments","1500 S Fern St","Arlington","Virginia","22202","Weekly","Monday","10:30 AM - 12 PM","Year-round","Kayla Reid","clientservices@afac.org","571-384-1448","www.afac.org","DHS: 703-228-1700","Supplemental groceries including protien, milk, eggs, fresh produce, and dry goods. Participants can visit this location once a week with a referral. Participants may only choose one AFAC location to pick up food from.","Open to residents of Claridge House Senior Apartments. 1st time visitors must bring a photo ID and proof of address. Obtain a referral from Aging & Disability Services (DHS) to visit weekly.","1","0","0","1","0","1","0","0","0","1","1","0","0","0","0","0","0","0","PentagonCity, Crystal City","ART 43, 87; Metrobus 10A, 23A",4,"USCGeocoder",15.6231,1,"4.1","","","02","Parcel","Success","LOCATION_TYPE_STREET_ADDRESS","Meters","ArealInterpolation","12542.2582167089","ArealInterpolationGeometricCentroid","Parcel","95.8579881656805","FeatureClassBased","ReturnAll","","ExactParcelCentroidPoint","","","1",38.8591119322828,-77.0567552136004,"Relaxed"
"5","AFAC","NA","Food pantry","Hunters Park Senior Apartments (AHC)","2021 N. Nelson St","Arlington","Virginia","22207","Weekly","Tuesday","11 AM - 12 PM","Year-round","Kayla Reid","clientservices@afac.org","571-384-1448","www.afac.org","Tatiana Campos, AHC: 703-486-0626 x1578","Supplemental groceries including protien, milk, eggs, fresh produce, and dry goods. Participants can visit this location once a week with a referral. Participants may only choose one AFAC location to pick up food from.","Open to residents of Hunter's Park Senior Apartments. 1st time visitors must bring a photo ID and proof of address. Obtain a referral from AHC Resident Services Coordinator to visit weekly.","1","0","0","1","0","1","0","0","0","1","1","0","NA","0","0","0","0","0","NA","ART 55",5,"USCGeocoder",78.1237,1,"4.1","","","03","StreetSegmentInterpolation","Success","LOCATION_TYPE_STREET_ADDRESS","Meters","LinearInterpolation","5295.74759809021","LinearInterpolationAddressRange","StreetSegment","100","FeatureClassBased","ReturnAll","","AddressRangeInterpolation","","","1",38.8952726823757,-77.1051704282476,"Exact"
"6","AFAC","NA","Food pantry","Woodland Hill Senior Apartments","610 S. Carlin Springs Rd.","Arlington","Virginia","22204","Weekly","Tuesday","12:30 - 2:30 PM","Year-round","Kayla Reid","clientservices@afac.org","571-384-1448","www.afac.org","Chelle Slaughter, Woodland Hill: 703-931-0052","Supplemental groceries including protien, milk, eggs, fresh produce, and dry goods. Participants can visit this location once a week with a referral. Participants may only choose one AFAC location to pick up food from.","Open to residents of Woodland Hill Senior Apartments. 1st time visitors must bring a photo ID and proof of address. Obtain a referral from Woodland Hill Resident Services Coordinator to visit weekly.","1","0","0","1","0","1","0","0","0","1","1","0","NA","0","0","0","0","0","NA","ART 45, 75; Metrobus 4B 16G, 25B",6,"USCGeocoder",15.6255,1,"4.1","","","03","StreetSegmentInterpolation","Success","LOCATION_TYPE_STREET_ADDRESS","Meters","LinearInterpolation","11846.2093288549","LinearInterpolationAddressRange","StreetSegment","100","FeatureClassBased","ReturnAll","","AddressRangeInterpolation","","","1",38.8603374722027,-77.1281930872086,"Exact"
"7","AFAC","NA","Food pantry","The Carlin Senior Apartments","4300 N Carlin Springs Rd","Arlington","Virginia","22203","Weekly","Thursday","11 AM - 12 PM","Year-round","Kayla Reid","clientservices@afac.org","571-384-1448","www.afac.org","Olivia Ferrante: 703-243-4300","Supplemental groceries including protien, milk, eggs, fresh produce, and dry goods. Participants can visit this location once a week with a referral. Participants may only choose one AFAC location to pick up food from.","Open to residents of The Carlin Senior Apartments. 1st time visitors must bring a photo ID and proof of address. Obtain a referral from The Carlin Resident Services Coordinator to visit weekly.","1","0","0","1","0","1","0","0","0","1","1","0","0","0","0","0","0","0","Ballston","ART 41, 42, 51, 52, 72, 75; Metrobus 1A, 2A, 4B, 10B, 22A, 25B, 38B",7,"USCGeocoder",31.2523,1,"4.1","","","02","Parcel","Success","LOCATION_TYPE_STREET_ADDRESS","Meters","ArealInterpolation","3885.97508816421","ArealInterpolationGeometricCentroid","Parcel","95.8579881656805","FeatureClassBased","ReturnAll","","ExactParcelCentroidPoint","","","1",38.8771692479215,-77.1116999550974,"Relaxed"
"8","AFAC","NA","Food pantry","Culpepper Gardens Senior Apartments","4435 N Pershing Dr","Arlington","Virginia","22203","Every other week","Friday","12:30 - 2 PM","Year-round","Kayla Reid","clientservices@afac.org","571-384-1448","www.afac.org","Rebekah Pearson, Culpepper Gardens: 703-276-2315 703-528-0162 ext. 111","Supplemental groceries including protien, milk, eggs, fresh produce, and dry goods. Participants can visit this location once a week with a referral. Participants may only choose one AFAC location to pick up food from.","Open to residents of Culpepper Gardens Senior Apartments. 1st time visitors must bring a photo ID and proof of address. Obtain a referral from Culpepper Gardens Resident Services Coordinator to visit weekly.","1","0","0","1","0","1","0","0","0","1","1","0","0","0","0","0","0","0","NA","ART 41,72; Metrobus 4B, 10B, 22A, 23A",8,"USCGeocoder",15.6252,1,"4.1","","","02","Parcel","Success","LOCATION_TYPE_STREET_ADDRESS","Meters","ArealInterpolation","2128.63763833046","ArealInterpolationGeometricCentroid","Parcel","95.8579881656805","FeatureClassBased","ReturnAll","","ExactParcelCentroidPoint","","","1",38.8710299336688,-77.1112312020946,"Relaxed"
"9","AFAC","NA","Food pantry","Arlington Mill Community Center (COP)","909 S Dinwiddie St","Arlington","Virginia","22204","Weekly","Monday","9:30 - 11:30 AM","Year-round","Kayla Reid","clientservices@afac.org","571-384-1448","www.afac.org","Zineb Mourchid, DHS Community Outreach Program: 571-384-7927 or Zmourchid@arlingtonva.us","Supplemental groceries including protien, milk, eggs, fresh produce, and dry goods. Participants can visit this location once a week with a referral. Participants may only choose one AFAC location to pick up food from.  Diapers provided at this location,","Open to all residents of the Arlington Mill and Barcroft neighborhoods. 1st time visitors must bring a photo ID and proof of address. Obtain a referral from DHS Community Outreach Program to visit this location weekly.","1","0","0","0","0","0","0","0","0","1","1","0","NA","1","0","0","0","0","NA","ART 41, 45, 75; Metrobus 16A/C/E/G/H, 22A",9,"USCGeocoder",15.6241,1,"4.1","","","03","StreetSegmentInterpolation","Success","LOCATION_TYPE_STREET_ADDRESS","Meters","LinearInterpolation","2260.238649935","LinearInterpolationAddressRange","StreetSegment","100","FeatureClassBased","ReturnAll","","AddressRangeInterpolation","","","1",38.8566709110171,-77.1126405117966,"Exact"
"10","AFAC","NA","Food pantry","Columbia Hills & Columbia Grove Apartments (APAH)","1010 S. Frederick St.","Arlington","Virginia","22204","Weekly","Tuesday","1:30 - 3:30 PM","Year-round","Kayla Reid","clientservices@afac.org","571-384-1448","www.afac.org","APAH resident services: 571-800-6450 or residentservices@apah.org","Supplemental groceries including protien, milk, eggs, fresh produce, and dry goods. Participants can visit this location once a week with a referral. Participants may only choose one AFAC location to pick up food from.","Open to APAH residents who live at Columbia Hills or Columbia Grove properties. 1st time visitors must bring a photo ID and proof of address. Obtain a referral from APAH to visit this location weekly.","1","0","0","1","0","0","0","1","0","1","1","0","NA","0","0","0","0","0","NA","ART 41, 45, 75; Metrobus 16A/C/E/G/H, 22A, 25B, 28A",10,"USCGeocoder",62.5134,1,"4.1","","","03","StreetSegmentInterpolation","Success","LOCATION_TYPE_STREET_ADDRESS","Meters","LinearInterpolation","5544.22754818073","LinearInterpolationAddressRange","StreetSegment","100","FeatureClassBased","ReturnAll","","AddressRangeInterpolation","","","1",38.8537793073927,-77.1150651625402,"Exact"
"11","AFAC","NA","Food pantry","The APEX Apartments (AHC)","2910 S. Glebe Rd","Arlington","Virginia","22206","Weekly","Wednesday","9 - 11 AM","Year-round","Kayla Reid","clientservices@afac.org","571-384-1448","www.afac.org","AHC: Alba Silva alba.silva@ahcinc.org 571-232-4806 or Jasmine Rose: 571-217-8751","Supplemental groceries including protien, milk, eggs, fresh produce, and dry goods. Participants can visit this location once a week with a referral. Participants may only choose one AFAC location to pick up food from.","Open to AHC residents who live at The Apex. 1st time visitors must bring a photo ID and proof of address. Obtain a referral from AHC to visit this location weekly.","1","0","0","1","0","0","0","0","0","1","1","0","NA","0","0","0","0","0","NA","ART 87; Metrobus 10A/B, 23A",11,"USCGeocoder",15.6196,1,"4.1","","","03","StreetSegmentInterpolation","Success","LOCATION_TYPE_STREET_ADDRESS","Meters","LinearInterpolation","8306.00612540997","LinearInterpolationAddressRange","StreetSegment","100","FeatureClassBased","ReturnAll","","AddressRangeInterpolation","","","1",38.8446970670328,-77.069434167168,"Exact"
"12","AFAC","NA","Food pantry","Whitefield CSC (Wesley Housing)","106 N. Thomas St.","Arlington","Virginia","22203","Weekly","Wednesday","10 AM - 12 PM","Year-round","Kayla Reid","clientservices@afac.org","571-384-1448","www.afac.org","Sherries Campbell, Wesley Housing: 571-316-9615","Supplemental groceries including protien, milk, eggs, fresh produce, and dry goods. Participants can visit this location once a week with a referral. Participants may only choose one AFAC location to pick up food from.","Open to Wesley Housing residents who live at Whitefield or Colonial Village apartments. 1st time visitors must bring a photo ID and proof of address. Obtain a referral from Wesley Housing to visit this location weekly.","1","0","0","1","0","0","0","0","0","1","1","0","0","0","0","0","0","0","NA","ART 41,72; Metrobus 4B, 10B, 22A",12,"USCGeocoder",62.5026,1,"4.1","","","03","StreetSegmentInterpolation","Success","LOCATION_TYPE_STREET_ADDRESS","Meters","LinearInterpolation","7877.76216158271","LinearInterpolationAddressRange","StreetSegment","100","FeatureClassBased","ReturnAll","","AddressRangeInterpolation","","","1",38.8710050220836,-77.104754752203,"Exact"
"13","AFAC","NA","Food pantry","Woodbury Park & The Frederick Apartments (AHC)","2306 11th St N","Arlington","Virginia","22201","Weekly","Thursday","9:30 - 11:30 AM","Year-round","Kayla Reid","clientservices@afac.org","571-384-1448","www.afac.org","AHC: Ellen Mullan-Jayes & Amara Jordan, 703-807-1941","Supplemental groceries including protien, milk, eggs, fresh produce, and dry goods. Participants can visit this location once a week with a referral. Participants may only choose one AFAC location to pick up food from.","Open to AHC residents who live at Woodbury Park & The Frederick apartments. 1st time visitors must bring a photo ID and proof of address. Obtain a referral from AHC to visit this location weekly.","1","0","0","1","0","0","0","0","0","1","1","0","NA","0","0","0","0","0","Clarendon, Courthouse","ART 41, 42, 45,77; Metrobus 4B, 38B",13,"USCGeocoder",78.1256,1,"4.1","","","03","StreetSegmentInterpolation","Success","LOCATION_TYPE_STREET_ADDRESS","Meters","LinearInterpolation","20378.1847591479","LinearInterpolationAddressRange","StreetSegment","100","FeatureClassBased","ReturnAll","","AddressRangeInterpolation","","","1",38.8846925265855,-77.087154721517,"Exact"
"14","AFAC","NA","Food pantry","Marbella Apartments (APAH)","1301 N. Queen St","Arlington","Virginia","22209","Weekly","Thursday","1:30 - 3:30 PM","Year-round","Kayla Reid","clientservices@afac.org","571-384-1448","www.afac.org","APAH resident services: 571-800-6450 or residentservices@apah.org","Supplemental groceries including protien, milk, eggs, fresh produce, and dry goods. Participants can visit this location once a week with a referral. Participants may only choose one AFAC location to pick up food from.","Open to APAH residents who live at Marbella, Courthouse Crossing, and Parc Rosslyn Apartments. 1st time visitors must bring a photo ID and proof of address. Obtain a referral from APAH to visit this location weekly.","1","0","0","1","0","0","0","1","0","1","1","0","NA","0","0","0","0","0","Courthouse","ART 41, 45, 47; Metrobus 4B, 38B",14,"USCGeocoder",78.1238,1,"4.1","","","03","StreetSegmentInterpolation","Success","LOCATION_TYPE_STREET_ADDRESS","Meters","LinearInterpolation","2062.52784604591","LinearInterpolationAddressRange","StreetSegment","100","FeatureClassBased","ReturnAll","","AddressRangeInterpolation","","","1",38.8892771629202,-77.0772860862092,"Exact"
"15","AFAC","NA","Food pantry","Gates of Ballston Apartments (AHC/COP)","4108 4th St N","Arlington","Virginia","22203","Weekly","Friday","11:30 AM - 2:30 PM","Year-round","Kayla Reid","clientservices@afac.org","571-384-1448","www.afac.org","Connie Freeman, DHS Community Outreach Program: (571) 384-7927 or Cfreem@arlingtonva.us","Supplemental groceries including protien, milk, eggs, fresh produce, and dry goods. Participants can visit this location once a week with a referral. Participants may only choose one AFAC location to pick up food from.","Open to all residents of the Buckingham. 1st time visitors must bring a photo ID and proof of address. Obtain a referral from DHS Community Outreach Program or AHC Resident Services to visit this location weekly.","1","0","0","0","0","0","0","0","0","1","1","0","NA","0","0","0","0","0","NA","ART 41, 42, 72, 75; Metrobus 1A, 4B, 10B, 22A, 23A, 25B",15,"USCGeocoder",140.6297,1,"4.1","","","03","StreetSegmentInterpolation","Success","LOCATION_TYPE_STREET_ADDRESS","Meters","LinearInterpolation","7054.6279467491","LinearInterpolationAddressRange","StreetSegment","100","FeatureClassBased","ReturnAll","","AddressRangeInterpolation","","","1",38.8753775063216,-77.1074884573024,"Exact"
"16","Arlington Bridge Builders","Community Church of God","Food pantry","Community Church of God","790 South Carlin Springs Road","Arlington","Virginia","22204","3 times weekly. Participants can come once a week.","Wed, Thurs, Fri","10 AM - 5 PM (by appointment)","Year-round","Tariq J.","ContactArlingtonBridge@gmail.com","(571) 282-5156","https://www.arlingtonbridge.org/pandemic-response-campaign.html","In person at first visit","Visitors receive a box worth of pantry staples. Occasionally other items such as meat and vegetables are available. Families can come weekly as needed. Call or text the food pantry manager to set up an appointment or arrange for delivery if needed.","Open to all","0","1","0","0","0","0","0","1","0","1","0","0","NA","0","0","1","0","0","NA","ART 41, 45, 75; Metrobus 16A/C/E/G/H, 25B, 28A",16,"USCGeocoder",46.877,1,"4.1","","","03","StreetSegmentInterpolation","Success","LOCATION_TYPE_STREET_ADDRESS","Meters","LinearInterpolation","1586.02137559454","LinearInterpolationAddressRange","StreetSegment","98.9940828402367","FeatureClassBased","ReturnAll","","AddressRangeInterpolation","","","1",38.8570037718454,-77.1259653127914,"Relaxed"
"17","Arlington Courthouse Farmer's Market","FreshFarm","Discount groceries","Courthouse Parking Lot","1400 N. Courthouse Rd.","Arlington","Virginia","22201","Weekly","Saturday","9 AM - 12 PM (Jan - Mar)
8:30 - 12:30 (Apr - Dec)","Year-round","Kim Haun","Khaun@arlingtonva.us","703-228-7872","https://www.freshfarm.org/markets/arlington","N/A","All FRESHFARM markets accept SNAP/EBT, WIC and Senior FMNP checks. FRESH Match provides a dollar-for-dollar match on all federal benefits spent at market.","NA","0","1","1","0","0","0","0","0","0","1","1","1","0","0","0","0","0","0","Courthouse","ART 41, 43, 45, 55, 77; Metrobus 4B, 38B",17,"USCGeocoder",343.7625,1,"4.1","","","09","AddressZIPCentroid","Success","LOCATION_TYPE_STREET_ADDRESS","Meters","ArealInterpolation","6058556.55068326","ArealInterpolationGeometricCentroid","USPSZip","60","FeatureClassBased","ReturnAll","","USPSZipAreaCentroid","","","1",38.887343,-77.098842,"Relaxed;Soundex"
"18","Arlington Public Schools","NA","School meals","Abingdon Elementary School","3035 South Abingdon St.","Arlington","Virginia","22206","3 times weekly","Mon/Wed/Fri, July 7 until school starts","11 AM - 12 PM","July 7 until school starts","Amy Maclosky","amy.maclosky@apsva.us","703-228-6133","https://www.apsva.us/school-year-2020-21/meal-services/","N/A","Two breakfasts and two lunches are provided, including one hot lunch for children under 18. All meals include milk, fruits or vegetables and whole grains. Pickup meals at the tables outside the school entrance.","Child under 18","1","1","1","0","1","0","0","0","1","0","1","0","0","0","0","0","0","0","NA","ART 72, 77; Metrobus 7A/F/Y, 22A",18,"USCGeocoder",62.5028,1,"4.1","","","02","Parcel","Success","LOCATION_TYPE_STREET_ADDRESS","Meters","ArealInterpolation","43251.6776149273","ArealInterpolationGeometricCentroid","Parcel","99","FeatureClassBased","ReturnAll","","ExactParcelCentroidPoint","","","1",38.8396522355781,-77.0962189730074,"Relaxed"
"19","Arlington Public Schools","NA","School meals","Arlington Career Center","816 S. Walter Reed Dr.","Arlington","Virginia","22204","3 times weekly","Mon/Wed/Fri, July 7 until school starts","11 AM - 12 PM","July 7 until school starts","Amy Maclosky","amy.maclosky@apsva.us","703-228-6133","https://www.apsva.us/school-year-2020-21/meal-services/","N/A","Two breakfasts and two lunches are provided, including one hot lunch for children under 18. All meals include milk, fruits or vegetables and whole grains. Pickup meals at the tables outside the school entrance.","Child under 18","1","1","1","0","1","0","0","0","1","0","1","0","0","0","0","0","0","0","NA","ART 41, 42, 45, 77; Metrobus 10B, 16A/C/E/G/H, 23A,",19,"USCGeocoder",62.5036,1,"4.1","","","03","StreetSegmentInterpolation","Success","LOCATION_TYPE_STREET_ADDRESS","Meters","LinearInterpolation","4240.42834338755","LinearInterpolationAddressRange","StreetSegment","100","FeatureClassBased","ReturnAll","","AddressRangeInterpolation","","","1",38.8654950669003,-77.087739338913,"Exact"
"20","Arlington Public Schools","NA","School meals","Ashlawn Elementary School","5950 8th Rd. N.","Arlington","Virginia","22205","3 times weekly","Mon/Wed/Fri, July 7 until school starts","11 AM - 12 PM","July 7 until school starts","Amy Maclosky","amy.maclosky@apsva.us","703-228-6133","https://www.apsva.us/school-year-2020-21/meal-services/","N/A","Two breakfasts and two lunches are provided, including one hot lunch for children under 18. All meals include milk, fruits or vegetables and whole grains. Pickup meals at the tables outside the school entrance.","Child under 18","1","1","1","0","1","0","0","0","1","0","1","0","0","0","0","0","0","0","NA","Metrobus 1A",20,"USCGeocoder",203.1304,1,"4.1","","","03","StreetSegmentInterpolation","Success","LOCATION_TYPE_STREET_ADDRESS","Meters","LinearInterpolation","7932.72312933579","LinearInterpolationAddressRange","StreetSegment","100","FeatureClassBased","ReturnAll","","AddressRangeInterpolation","","","1",38.8734347009293,-77.1358884591019,"Exact"
"21","Arlington Public Schools","NA","School meals","Barcroft Elementary School","625 S. Wakefield St.","Arlington","Virginia","22204","3 times weekly","Mon/Wed/Fri, July 7 until school starts","11 AM - 12 PM","July 7 until school starts","Amy Maclosky","amy.maclosky@apsva.us","703-228-6133","https://www.apsva.us/school-year-2020-21/meal-services/","N/A","Two breakfasts and two lunches are provided, including one hot lunch for children under 18. All meals include milk, fruits or vegetables and whole grains. Pickup meals at the tables outside the school entrance.","Child under 18","1","1","1","0","1","0","0","0","1","0","1","0","0","0","0","0","0","0","NA","ART 41,72; Metrobus 16A/C/E/G/H, 22A",21,"USCGeocoder",31.2508,1,"4.1","","","02","Parcel","Success","LOCATION_TYPE_STREET_ADDRESS","Meters","ArealInterpolation","20742.2284613997","ArealInterpolationGeometricCentroid","Parcel","99","FeatureClassBased","ReturnAll","","ExactParcelCentroidPoint","","","1",38.8619071845991,-77.1074479207831,"Relaxed"
"22","Arlington Public Schools","NA","School meals","Barrett Elementary School","4401 N. Henderson Rd.","Arlington","Virginia","22203","3 times weekly","Mon/Wed/Fri, July 7 until school starts","11 AM - 12 PM","July 7 until school starts","Amy Maclosky","amy.maclosky@apsva.us","703-228-6133","https://www.apsva.us/school-year-2020-21/meal-services/","N/A","Two breakfasts and two lunches are provided, including one hot lunch for children under 18. All meals include milk, fruits or vegetables and whole grains. Pickup meals at the tables outside the school entrance.","Child under 18","1","1","1","0","1","0","0","0","1","0","1","0","0","0","0","0","0","0","NA","ART 41; Metrobus 4B, 10B, 22A, 22A/B,23T, 25B",22,"USCGeocoder",46.8741,1,"4.1","","","02","Parcel","Success","LOCATION_TYPE_STREET_ADDRESS","Meters","ArealInterpolation","19912.4059429886","ArealInterpolationGeometricCentroid","Parcel","100","FeatureClassBased","ReturnAll","","ExactParcelCentroidPoint","","","1",38.8730185871926,-77.1124107422461,"Exact"
"23","Arlington Public Schools","NA","School meals","Campbell Elementary School","737 S. Carlin Springs Rd.","Arlington","Virginia","22204","3 times weekly","Mon/Wed/Fri, July 7 until school starts","11 AM - 12 PM","July 7 until school starts","Amy Maclosky","amy.maclosky@apsva.us","703-228-6133","https://www.apsva.us/school-year-2020-21/meal-services/","N/A","Two breakfasts and two lunches are provided, including one hot lunch for children under 18. All meals include milk, fruits or vegetables and whole grains. Pickup meals at the tables outside the school entrance.","Child under 18","1","1","1","0","1","0","0","0","1","0","1","0","0","0","0","0","0","0","NA","ART 41, 45; Metrobus 16A/C/E/G, 25B, 28A",23,"USCGeocoder",62.497,1,"4.1","","","02","Parcel","Success","LOCATION_TYPE_STREET_ADDRESS","Meters","ArealInterpolation","34321.4176286845","ArealInterpolationGeometricCentroid","Parcel","99","FeatureClassBased","ReturnAll","","ExactParcelCentroidPoint","","","1",38.8583618304561,-77.1254989115607,"Relaxed"
"24","Arlington Public Schools","NA","School meals","Dr. Charles R. Drew Elementary School","3500 South 23rd St.","Arlington","Virginia","22206","3 times weekly","Mon/Wed/Fri, July 7 until school starts","11 AM - 12 PM","July 7 until school starts","Amy Maclosky","amy.maclosky@apsva.us","703-228-6133","https://www.apsva.us/school-year-2020-21/meal-services/","N/A","Two breakfasts and two lunches are provided, including one hot lunch for children under 18. All meals include milk, fruits or vegetables and whole grains. Pickup meals at the tables outside the school entrance.","Child under 18","1","1","1","0","1","0","0","0","1","0","1","0","0","0","0","0","0","0","NA","ART 84, 87; Metrobus 10B, 23 A/B/T",24,"USCGeocoder",46.8773,1,"4.1","","","03","StreetSegmentInterpolation","Success","LOCATION_TYPE_STREET_ADDRESS","Meters","LinearInterpolation","2234.05469462322","LinearInterpolationAddressRange","StreetSegment","99.3491124260355","FeatureClassBased","ReturnAll","","AddressRangeInterpolation","","","1",38.8490008074598,-77.0857467587052,"Relaxed"
"25","Arlington Public Schools","NA","School meals","Glebe Elementary School","1770 N. Glebe Rd.","Arlington","Virginia","22207","3 times weekly","Mon/Wed/Fri, July 7 until school starts","11 AM - 12 PM","July 7 until school starts","Amy Maclosky","amy.maclosky@apsva.us","703-228-6133","https://www.apsva.us/school-year-2020-21/meal-services/","N/A","Two breakfasts and two lunches are provided, including one hot lunch for children under 18. All meals include milk, fruits or vegetables and whole grains. Pickup meals at the tables outside the school entrance.","Child under 18","1","1","1","0","1","0","0","0","1","0","1","0","0","0","0","0","0","0","NA","ART 52, 55, 72; Metrobus 23A/T",25,"USCGeocoder",31.249,1,"4.1","","","02","Parcel","Success","LOCATION_TYPE_STREET_ADDRESS","Meters","ArealInterpolation","28346.346983172","ArealInterpolationGeometricCentroid","Parcel","100","FeatureClassBased","ReturnAll","","ExactParcelCentroidPoint","","","1",38.8923789025171,-77.1214271318683,"Exact"
"26","Arlington Public Schools","NA","School meals","Gunston Middle School","2700 S. Lang St.","Arlington","Virginia","22206","3 times weekly","Mon/Wed/Fri, July 7 until school starts","11 AM - 12 PM","July 7 until school starts","Amy Maclosky","amy.maclosky@apsva.us","703-228-6133","https://www.apsva.us/school-year-2020-21/meal-services/","N/A","Two breakfasts and two lunches are provided, including one hot lunch for children under 18. All meals include milk, fruits or vegetables and whole grains. Pickup meals at the tables outside the school entrance.","Child under 18","1","1","1","0","1","0","0","0","1","0","1","0","0","0","0","0","0","0","NA","ART 87; Metrobus 10A/B, 23A/B",26,"USCGeocoder",93.7577,1,"4.1","","","02","Parcel","Success","LOCATION_TYPE_STREET_ADDRESS","Meters","ArealInterpolation","79579.8705310456","ArealInterpolationGeometricCentroid","Parcel","99","FeatureClassBased","ReturnAll","","ExactParcelCentroidPoint","","","1",38.847957311499,-77.0687335899499,"Relaxed"
"27","Arlington Public Schools","NA","School meals","Hoffman-Boston Elementary School","1415 S. Queen St.","Arlington","Virginia","22204","3 times weekly","Mon/Wed/Fri, July 7 until school starts","11 AM - 12 PM","July 7 until school starts","Amy Maclosky","amy.maclosky@apsva.us","703-228-6133","https://www.apsva.us/school-year-2020-21/meal-services/","N/A","Two breakfasts and two lunches are provided, including one hot lunch for children under 18. All meals include milk, fruits or vegetables and whole grains. Pickup meals at the tables outside the school entrance.","Child under 18","1","1","1","0","1","0","0","0","1","0","1","0","0","0","0","0","0","0","NA","ART 42; Metrobus 16A/C/E/G,",27,"USCGeocoder",46.8736,1,"4.1","","","03","StreetSegmentInterpolation","Success","LOCATION_TYPE_STREET_ADDRESS","Meters","LinearInterpolation","1718.72727953224","LinearInterpolationAddressRange","StreetSegment","100","FeatureClassBased","ReturnAll","","AddressRangeInterpolation","","","1",38.8615363553958,-77.0725317646187,"Exact"
"28","Arlington Public Schools","NA","School meals","Kenmore Middle School","200 S. Carlin Springs Rd.","Arlington","Virginia","22204","3 times weekly","Mon/Wed/Fri, July 7 until school starts","11 AM - 12 PM","July 7 until school starts","Amy Maclosky","amy.maclosky@apsva.us","703-228-6133","https://www.apsva.us/school-year-2020-21/meal-services/","N/A","Two breakfasts and two lunches are provided, including one hot lunch for children under 18. All meals include milk, fruits or vegetables and whole grains. Pickup meals at the tables outside the school entrance.","Child under 18","1","1","1","0","1","0","0","0","1","0","1","0","0","0","0","0","0","0","NA","Art 75; Metrobus 4B, 25B",28,"USCGeocoder",31.2486,1,"4.1","","","03","StreetSegmentInterpolation","Success","LOCATION_TYPE_STREET_ADDRESS","Meters","LinearInterpolation","2056.96005287848","LinearInterpolationAddressRange","StreetSegment","100","FeatureClassBased","ReturnAll","","AddressRangeInterpolation","","","1",38.8644991683536,-77.1288181521155,"Exact"
"29","Arlington Public Schools","NA","School meals","Randolph Elementary School","1306 S. Quincy St.","Arlington","Virginia","22204","3 times weekly","Mon/Wed/Fri, July 7 until school starts","11 AM - 12 PM","July 7 until school starts","Amy Maclosky","amy.maclosky@apsva.us","703-228-6133","https://www.apsva.us/school-year-2020-21/meal-services/","N/A","Two breakfasts and two lunches are provided, including one hot lunch for children under 18. All meals include milk, fruits or vegetables and whole grains. Pickup meals at the tables outside the school entrance.","Child under 18","1","1","1","0","1","0","0","0","1","0","1","0","0","0","0","0","0","0","NA","ART 41, 45, 72, 84; Metrobus 16A/C/E/G/H, 22A/B",29,"USCGeocoder",78.129,1,"4.1","","","03","StreetSegmentInterpolation","Success","LOCATION_TYPE_STREET_ADDRESS","Meters","LinearInterpolation","3487.4409421155","LinearInterpolationAddressRange","StreetSegment","100","FeatureClassBased","ReturnAll","","AddressRangeInterpolation","","","1",38.8569638728626,-77.0979610929908,"Exact"
"30","Arlington Public Schools","NA","School meals","The Heights","1601 Wilson Blvd.","Arlington","Virginia","22209","3 times weekly","Mon/Wed/Fri, July 7 until school starts","11 AM - 12 PM","July 7 until school starts","Amy Maclosky","amy.maclosky@apsva.us","703-228-6133","https://www.apsva.us/school-year-2020-21/meal-services/","N/A","Two breakfasts and two lunches are provided, including one hot lunch for children under 18. All meals include milk, fruits or vegetables and whole grains. Pickup meals at the tables outside the school entrance.","Child under 18","1","1","1","0","1","0","0","0","1","0","1","0","0","0","0","0","0","0","Rosslyn/Courthouse","ART 41, 45, 55, 77; Metrobus 4B, 5A, 38B",30,"USCGeocoder",78.1267,1,"4.1","","","02","Parcel","Success","LOCATION_TYPE_STREET_ADDRESS","Meters","ArealInterpolation","10382.0413817167","ArealInterpolationGeometricCentroid","Parcel","100","FeatureClassBased","ReturnAll","","ExactParcelCentroidPoint","","","1",38.8948329831389,-77.0776145322613,"Exact"
"31","Arlington Public Schools","NA","School meals","Yorktown High School","5200 Yorktown Blvd.","Arlington","Virginia","22207","3 times weekly","Mon/Wed/Fri, July 7 until school starts","11 AM - 12 PM","July 7 until school starts","Amy Maclosky","amy.maclosky@apsva.us","703-228-6133","https://www.apsva.us/school-year-2020-21/meal-services/","N/A","Two breakfasts and two lunches are provided, including one hot lunch for children under 18. All meals include milk, fruits or vegetables and whole grains. Pickup meals at the tables outside the school entrance.","Child under 18","1","1","1","0","1","0","0","0","1","0","1","0","0","0","0","0","0","0","NA","ART 52",31,"USCGeocoder",125.0041,1,"4.1","","","03","StreetSegmentInterpolation","Success","LOCATION_TYPE_STREET_ADDRESS","Meters","LinearInterpolation","7224.00815360749","LinearInterpolationAddressRange","StreetSegment","97.9289940828402","FeatureClassBased","ReturnAll","","AddressRangeInterpolation","","","1",38.90347066399,-77.13942418655,"Relaxed"
"32","Arlington Salvation Army","NA","Food pantry","Salvation Army of Arlington","518 S. Glebe Rd","Arlington","Virginia","22204","Weekly. Participants can come once a month","Thursday","9:30-11:30 AM and 1:30-3:30 PM","Year-round","Wes Vanderburgh","wesley.vanderburgh@uss.salvationarmy.org","703-979-3380","https://salvationarmynca.org/arlington-va/","In person at first visit","Regular offerings include cereal, rice, beans, canned vegetables, pasta. Occasionally also have protein, eggs, and fresh produce. Registered clients can come once per month. Also provides diapers.","Bring photo ID on first visit, and fill out an application. Must live in Virginia. To receive diapers, bring an identification for the child (birth certificate, social security card, insurance card, etc.)","1","0","0","0","0","0","0","0","0","1","1","0","0","1","0","1","0","0","NA","ART 41, 77; Metrobus 10B 23A/B/T",32,"USCGeocoder",15.6308,1,"4.1","","","02","Parcel","Success","LOCATION_TYPE_STREET_ADDRESS","Meters","ArealInterpolation","2839.95276004076","ArealInterpolationGeometricCentroid","Parcel","99","FeatureClassBased","ReturnAll","","ExactParcelCentroidPoint","","","1",38.8664881430062,-77.0954011698359,"Relaxed"
"33","Ballston Farmer's Market","FreshFarm","Discount groceries","Welburn Square","901 N Taylor St","Arlington","Virginia","22203","Weekly","Thursday","3 - 7 PM","April 1 - Nov. 18","Kim Haun","Khaun@arlingtonva.us","703-228-7872","https://www.freshfarm.org/markets/ballston","N/A","All FRESHFARM markets accept SNAP/EBT, WIC and Senior FMNP checks. FRESH Match provides a dollar-for-dollar match on all federal benefits spent at market.","NA","0","0","1","0","0","0","0","0","0","1","1","1","0","0","0","0","0","0","NA","ART 41, 42, 51; Metrobus 1A, 2A, 10B, 22A, 23A/B/T, 25B, 38B",33,"USCGeocoder",15.6211,1,"4.1","","","03","StreetSegmentInterpolation","Success","LOCATION_TYPE_STREET_ADDRESS","Meters","LinearInterpolation","5087.00743321679","LinearInterpolationAddressRange","StreetSegment","96.0059171597633","FeatureClassBased","ReturnAll","","AddressRangeInterpolation","","","1",38.8811428895949,-77.1124927176744,"Relaxed"
"34","Capital Area Food Bank","NA","Food pantry","Arlington Mill Community Center","909 S Dinwiddie St","Arlington","Virginia","22204","Monthly","3rd Saturday of the month","0.375","Year-round","Eleni Rigsby","erigsby@capitalareafoodbank.org","571-482-4770","NA","N/A","Fresh produce and shelf stable pantry items. First come, first served.","Open to all","0","1","1","0","0","0","0","0","0","1","1","0","0","0","0","0","0","0","NA","ART 41, 45, 75; Metrobus 16A/C/E/G/H, 22A",34,"USCGeocoder",15.6227,1,"4.1","","","03","StreetSegmentInterpolation","Success","LOCATION_TYPE_STREET_ADDRESS","Meters","LinearInterpolation","2260.238649935","LinearInterpolationAddressRange","StreetSegment","100","FeatureClassBased","ReturnAll","","AddressRangeInterpolation","","","1",38.8566709110171,-77.1126405117966,"Exact"
"35","Capital Area Food Bank","Communities in Schools of Northern Virginia","Food pantry","Women's Club of Arlington","700 S Buchanan St","Arlington","Virginia","22204","Monthly","2nd Thursday of the month","3 - 5 PM","Year-round","Eleni Rigsby","erigsby@capitalareafoodbank.org","571-482-4770","NA","N/A","Fresh produce and shelf stable pantry items. First come, first served.","Open to all","0","1","1","0","0","0","0","0","0","1","1","0","NA","0","0","0","0","0","NA","ART 41, 45, 75; Metrobus 16A/C/E/G/H, 22A",35,"USCGeocoder",46.8725,1,"4.1","","","02","Parcel","Success","LOCATION_TYPE_STREET_ADDRESS","Meters","ArealInterpolation","2694.74075578153","ArealInterpolationGeometricCentroid","Parcel","99","FeatureClassBased","ReturnAll","","ExactParcelCentroidPoint","","","1",38.8600510889772,-77.1105915467529,"Relaxed"
"36","Capital Area Food Bank","USO","Food pantry","Joint Base Myer-Henderson Hall Community Center","228 McNair Rd","Arlington","Virginia","22211","Monthly","3rd Thursday of the Month","11:30 AM-1:30 PM
11:30 AM - 12:30 PM Active Duty
12:30 - 1:30 PM Retirees, veterans, and families","Year-round","Kristi Pappas","kristi.p.pappas@mail.mil","703-696-2178","NA","N/A","Fresh produce and shelf stable pantry items","Active Duty military, veterans and their families. Must show ID to get on post.","1","0","1","0","0","0","0","0","0","1","1","0","0","0","0","0","0","0","NA","ART 42, 47 (across Rt. 50)",36,"USCGeocoder",31.25,1,"4.1","","","03","StreetSegmentInterpolation","Success","LOCATION_TYPE_STREET_ADDRESS","Meters","LinearInterpolation","11603.0819555034","LinearInterpolationAddressRange","StreetSegment","100","FeatureClassBased","ReturnAll","","AddressRangeInterpolation","","","1",38.8797704004675,-77.080237811041,"Exact"
"37","Capital Area Food Bank","NA","Food pantry","Cathedral of St. Thomas More","3901 Cathedral Ln","Arlington","Virginia","22203","Monthly","3rd Thursday of the Month","5 - 7 PM","Year-round","Eleni Rigsby","erigsby@capitalareafoodbank.org","571-482-4770","NA","N/A","Fresh produce and shelf stable pantry items. First come, first served.","Open to all","0","1","1","0","0","0","0","0","0","1","1","0","0","0","0","0","0","0","NA","ART 41, 72; Metrobus 4B, 10B, 22A, 23A/B/T",37,"USCGeocoder",62.5,1,"4.1","","","03","StreetSegmentInterpolation","Success","LOCATION_TYPE_STREET_ADDRESS","Meters","LinearInterpolation","6734.01069200831","LinearInterpolationAddressRange","StreetSegment","97.9289940828402","FeatureClassBased","ReturnAll","","AddressRangeInterpolation","","","1",38.8707790748005,-77.1026689122165,"Relaxed"
"38","Capital Area Food Bank","NA","Food pantry","Mt. Olive Baptist Church","1601 13th Rd. S","Arlington","Virginia","22204","Monthly","3rd Saturday of the month","10 AM - 12 PM","Year-round","Eleni Rigsby","erigsby@capitalareafoodbank.org","571-482-4770","NA","N/A","Fresh produce and shelf stable pantry items. First come, first served.","Open to all","0","1","1","0","0","0","0","0","0","1","1","0","0","0","0","0","0","0","NA","ART 42; Metrobus 16A/C/E/G/H,",38,"USCGeocoder",156.2852,1,"4.1","","","03","StreetSegmentInterpolation","Success","LOCATION_TYPE_STREET_ADDRESS","Meters","LinearInterpolation","2410.90753922937","LinearInterpolationAddressRange","StreetSegment","100","FeatureClassBased","ReturnAll","","AddressRangeInterpolation","","","1",38.8625592895947,-77.070778798315,"Exact"
"39","Senior Brown Bag Program by Capital Area Food Bank","NA","Food pantry","Lockwood Elmwood House Apartments","600 N Madison St","Arlington","Virginia","22203","Monthly","3rd Tuesday of the month","NA","Year-round","Amanda Mayer","amayer@capitalareafoodbank.org","202-644-9834","NA","NA","Senior Brown Bag Program - A 9-10 lb bag of dry goods (canned fruits/vegetables, grains, canned protein), a fresh produce item and a cold or frozen protein item (eggs, frozen meat or fish) when available.Â Distributes USDA commodities through the TEFAP pr","Open to senior residents of this apartment building that are income eligible.","1","0","0","1","0","1","1","0","0","1","1","0","0","0","0","0","0","0","NA","Metrobus 1A, 4B",39,"USCGeocoder",46.8755,1,"4.1","","","03","StreetSegmentInterpolation","Success","LOCATION_TYPE_STREET_ADDRESS","Meters","LinearInterpolation","6824.7232246215","LinearInterpolationAddressRange","StreetSegment","100","FeatureClassBased","ReturnAll","","AddressRangeInterpolation","","","1",38.869762263114,-77.1417346646366,"Exact"
"40","Senior Brown Bag Program by Capital Area Food Bank","NA","Food pantry","Colonial Village West","2111 Key Blvd","Arlington","Virginia","22201","Monthly","3rd Wednesday of the month","NA","Year-round","Amanda Mayer","amayer@capitalareafoodbank.org","202-644-9835","NA","NA","Senior Brown Bag Program - A 9-10 lb bag of dry goods (canned fruits/vegetables, grains, canned protein), a fresh produce item and a cold or frozen protein item (eggs, frozen meat or fish) when available.Â Distributes USDA commodities through the TEFAP pr","Open to senior residents of this apartment building that are income eligible.","0","0","0","0","0","0","0","0","0","0","0","0","0","0","0","0","0","0","Courthouse","ART 55, Metrobus 4B, 38B",40,"USCGeocoder",46.8811,1,"4.1","","","03","StreetSegmentInterpolation","Success","LOCATION_TYPE_STREET_ADDRESS","Meters","LinearInterpolation","3028.63315472612","LinearInterpolationAddressRange","StreetSegment","97.9289940828402","FeatureClassBased","ReturnAll","","AddressRangeInterpolation","","","1",38.8937994124338,-77.0849358231221,"Relaxed"
"41","Senior Brown Bag Program by Capital Area Food Bank","NA","Food pantry","Hunters Park Senior Apartments (AHC)","2021 N. Nelson St","Arlington","Virginia","22207","Monthly","3rd Wednesday of the month","NA","Year-round","Amanda Mayer","amayer@capitalareafoodbank.org","202-644-9836","NA","NA","Senior Brown Bag Program - A 9-10 lb bag of dry goods (canned fruits/vegetables, grains, canned protein), a fresh produce item and a cold or frozen protein item (eggs, frozen meat or fish) when available.Â Distributes USDA commodities through the TEFAP pr","Open to senior residents of this apartment building that are income eligible.","0","0","0","0","0","0","0","0","0","0","0","0","0","0","0","0","0","0","NA","ART 55",41,"USCGeocoder",15.6223,1,"4.1","","","03","StreetSegmentInterpolation","Success","LOCATION_TYPE_STREET_ADDRESS","Meters","LinearInterpolation","5295.74759809021","LinearInterpolationAddressRange","StreetSegment","100","FeatureClassBased","ReturnAll","","AddressRangeInterpolation","","","1",38.8952726823757,-77.1051704282476,"Exact"
"42","Senior Brown Bag Program by Capital Area Food Bank","NA","Food pantry","Harvey Hall Apartments","860 S Greenbrier St","Arlington","Virginia","22204","Monthly","4th Wednesday of the month","NA","Year-round","Amanda Mayer","amayer@capitalareafoodbank.org","202-644-9837","NA","NA","Senior Brown Bag Program - A 9-10 lb bag of dry goods (canned fruits/vegetables, grains, canned protein), a fresh produce item and a cold or frozen protein item (eggs, frozen meat or fish) when available.Â Distributes USDA commodities through the TEFAP pr","Open to senior residents of this apartment building that are income eligible.","0","0","0","0","0","0","0","0","0","0","0","0","0","0","0","0","0","0","NA","ART 41, 45; Metrobus 16A/C/E/G/H, 25B, 28A",42,"USCGeocoder",46.8773,1,"4.1","","","02","Parcel","Success","LOCATION_TYPE_STREET_ADDRESS","Meters","ArealInterpolation","560.573633268476","ArealInterpolationGeometricCentroid","Parcel","95.3254437869822","FeatureClassBased","ReturnAll","","ExactParcelCentroidPoint","","","1",38.8780278374651,-77.1258932606845,"Relaxed"
"43","Senior Brown Bag Program by Capital Area Food Bank","NA","Food pantry","The Shelton (AHC)","3215 24th St S","Arlington","Virginia","22206","Monthly","4th Wednesday of the month","NA","Year-round","Amanda Mayer","amayer@capitalareafoodbank.org","202-644-9838","NA","NA","Senior Brown Bag Program - A 9-10 lb bag of dry goods (canned fruits/vegetables, grains, canned protein), a fresh produce item and a cold or frozen protein item (eggs, frozen meat or fish) when available.Â Distributes USDA commodities through the TEFAP pr","Open to senior residents of this apartment building that are income eligible.","0","0","0","0","0","0","0","0","0","0","0","0","0","0","0","0","0","0","NA","ART 75, 77, 84, 87; Metrobus 10B, 23A/B/T",43,"USCGeocoder",46.8815,1,"4.1","","","03","StreetSegmentInterpolation","Success","LOCATION_TYPE_STREET_ADDRESS","Meters","LinearInterpolation","1601.30180216371","LinearInterpolationAddressRange","StreetSegment","100","FeatureClassBased","ReturnAll","","AddressRangeInterpolation","","","1",38.8486356439544,-77.0841890669653,"Exact"
"44","Claremont Elementary School PTA","NA","Food pantry","Claremont Elementary School","4700 S Chesterfield Rd","Arlington","Virginia","22206","Once every 3 weeks","Monday","4 - 5:30 PM","Year-round","Melissa Schwaber Hawkins","melissaschwaber@gmail.com","NA","https://claremontpta.membershiptoolkit.com/foodpantry","Will need to tell name of Claremont student when picking up food.","NA","A child enrolled at Claremont Immersion School","1","1","0","1","1","0","0","0","0","1","0","0","NA","0","0","0","0","0","NA","ART 72, 75; Metrobus 22A",44,"USCGeocoder",46.8756,1,"4.1","","","02","Parcel","Success","LOCATION_TYPE_STREET_ADDRESS","Meters","ArealInterpolation","59887.5169740617","ArealInterpolationGeometricCentroid","Parcel","99","FeatureClassBased","ReturnAll","","ExactParcelCentroidPoint","","","1",38.8477736758051,-77.1052595194431,"Relaxed"
"45","CPRO","Arlington Presbyterian Church","Food pantry","Gilliam Place","918 S Lincoln St","Arlington","Virginia","22204","Weekly","NA","NA","April-October","Amy McWilliams","amcwilliams@columbiapike.org","NA","NA","NA","NA","NA","1","0","0","1","0","0","0","0","0","1","1","0","0","0","0","0","0","0","NA","ART 41, 45; Metrobus 16E/G/H, 23A/B/T",45,"USCGeocoder",46.8739,1,"4.1","","","03","StreetSegmentInterpolation","Success","LOCATION_TYPE_STREET_ADDRESS","Meters","LinearInterpolation","3324.31976915302","LinearInterpolationAddressRange","StreetSegment","100","FeatureClassBased","ReturnAll","","AddressRangeInterpolation","","","1",38.8620804495411,-77.0933952750568,"Exact"
"46","Columbia Pike Farmer's Market","CPRO","Discount groceries","Fillmore Shopping Center parking lot","2705 Columbia Pike","Arlington","Virginia","22204","Weekly","Sunday","8:30 - 11:30 AM","Year-round","Kim Haun","Khaun@arlingtonva.us","703-228-7872","https://www.columbiapikefarmersmarket.org/","N/A","The Columbia Pike Farmers Market partners with the INOVA Health Foundation to provide the SNAP Double Dollars Program. Shoppers using their Viriginia EBT card can receive up to $20 in matching funds for use at the market.","NA","0","1","1","0","0","0","0","0","0","1","1","1","0","0","0","0","0","0","NA","ART 41, 42, 45, 77; Metrobus 16A/C/E/G, 23A/B/T",46,"USCGeocoder",31.2535,1,"4.1","","","03","StreetSegmentInterpolation","Success","LOCATION_TYPE_STREET_ADDRESS","Meters","LinearInterpolation","2833.1227296975","LinearInterpolationAddressRange","StreetSegment","97.9289940828402","FeatureClassBased","ReturnAll","","AddressRangeInterpolation","","","1",38.8629663256007,-77.0858132097184,"Relaxed"
"47","Crystal City Farmer's Market","FreshFarm","Discount groceries","Crystal City Courtyard Green","2011 Crystal Dr","Arlington","Virginia","22202","Weekly","Tuesday","3 - 7 PM","April 6 - Nov. 23","Kim Haun","Khaun@arlingtonva.us","703-228-7872","https://www.freshfarm.org/markets/crystal-city","N/A","All FRESHFARM markets accept SNAP/EBT, WIC and Senior FMNP checks. FRESH Match provides a dollar-for-dollar match on all federal benefits spent at market.","NA","0","1","1","0","0","0","0","0","0","1","1","1","0","0","0","0","0","0","Crystal City","ART 43; Metrobus 10A, 23A/B",47,"USCGeocoder",78.1318,1,"4.1","","","02","Parcel","Success","LOCATION_TYPE_STREET_ADDRESS","Meters","ArealInterpolation","12749.5896252729","ArealInterpolationGeometricCentroid","Parcel","100","FeatureClassBased","ReturnAll","","ExactParcelCentroidPoint","","","1",38.8556723030847,-77.0486633037504,"Exact"
"48","Dar Al-Hijrah Islamic Center","NA","Food pantry","Dar Al-Hijrah Islamic Center","3159 Row St.","Arlington","Virginia","22044","Weekly","Thursday","9 - 11 AM","Year-round","Tahani Jabarin","socialservices@hijrah.org","703-531-2905","https://hijrah.org/socialservices/foodbank/","Register online at https://hijrah.org/covidrelief-apply/","Supplemental groceries usually including bread, produce, shelf-stable food items and halal meat.","Open to All","0","1","0","0","0","0","0","1","0","1","1","0","NA","0","0","1","1","0","NA","Metrobus 1A, 4B, 28A",48,"USCGeocoder",46.8816,1,"4.1","","","02","Parcel","Success","LOCATION_TYPE_STREET_ADDRESS","Meters","ArealInterpolation","13206.8082137005","ArealInterpolationGeometricCentroid","Parcel","96","FeatureClassBased","ReturnAll","","ExactParcelCentroidPoint","","","1",38.8616601456036,-77.1464607925226,"Relaxed"
"49","Food For Others","NA","Food pantry","Columbia Knoll Condos","750 S Dickerson St","Arlington","Virginia","22204","Twice weekly","Monday, Tuesday","0.75","Year-round","April Frazier Simmons","afrazier@foodforothers.org","703-207-9173 x 104","https://www.foodforothers.org/neighborhood-sites/","N/A","Produce donated from grocery stores and shelf stable pantry items.","Open to all","0","1","1","0","0","0","0","0","0","1","1","0","0","0","0","0","0","0","NA","ART 41, 45, 75; Metrobus 16A/C/E/G/H, 22A",49,"USCGeocoder",62.4977,1,"4.1","","","03","StreetSegmentInterpolation","Success","LOCATION_TYPE_STREET_ADDRESS","Meters","LinearInterpolation","1453.12059603859","LinearInterpolationAddressRange","StreetSegment","100","FeatureClassBased","ReturnAll","","AddressRangeInterpolation","","","1",38.8586250198455,-77.1150016084971,"Exact"
"50","Food For Others","NA","Food pantry","Barcroft recycling center parking lot","Corner of Columbia Pike & Four Mile Run Dr/South Buchanan St.","Arlington","Virginia","22204","Twice weekly","Monday, Tuesday","0.770833333","Year-round","April Frazier Simmons","afrazier@foodforothers.org","703-207-9173 x 104","https://www.foodforothers.org/neighborhood-sites/","N/A","Produce donated from grocery stores and shelf stable pantry items.","Open to all","0","1","1","0","0","0","0","0","0","1","1","0","0","0","0","0","0","0","NA","ART 41, 45; Metrobus 16A/C/E/G/H, 22A",50,"USCGeocoder",31.2562,1,"4.1","","","09","AddressZIPCentroid","Success","LOCATION_TYPE_STREET_ADDRESS","Meters","ArealInterpolation","10647708.9559507","ArealInterpolationGeometricCentroid","USPSZip","60","FeatureClassBased","ReturnAll","","USPSZipAreaCentroid","","","1",38.859707,-77.095607,"Relaxed;Soundex"
"51","Food For Others","NA","Food pantry","Gunston Middle School (Entrance near soccer field)","2700 S Lang St","Arlington","Virginia","22206","Weekly","Tuesday","0.75","Year-round","April Frazier Simmons","afrazier@foodforothers.org","703-207-9173 x 104","https://www.foodforothers.org/neighborhood-sites/","N/A","Produce donated from grocery stores and shelf stable pantry items.","Open to all","0","1","1","0","0","0","0","0","0","1","1","0","0","0","0","0","0","0","NA","ART 87; Metrobus 10A/B, 23A/B",51,"USCGeocoder",0,1,"4.1","","","02","Parcel","Success","LOCATION_TYPE_STREET_ADDRESS","Meters","ArealInterpolation","79579.8705310456","ArealInterpolationGeometricCentroid","Parcel","99","FeatureClassBased","ReturnAll","","ExactParcelCentroidPoint","","","1",38.847957311499,-77.0687335899499,"Relaxed"
"52","Gajin Ramen Shop","NA","Prepared Meals","Gajin Ramen Shop","3800 Lee Highway","Arlington","Virginia","22207","Upon Request","Upon Request","N/A","Year-round","Nicole & Tuvan (co-owners)","contact@gaijinramenshop.com","703-566-9236","https://www.gaijinramenshop.com/elderly-in-need","N/A","Hot vegetable ramen soup available for pickup for free for elderly who have limited resources.","Elderly in need.","1","0","1","0","0","1","0","0","1","0","0","0","0","0","0","0","0","0","NA","ART 55",52,"USCGeocoder",15.629,1,"4.1","","","03","StreetSegmentInterpolation","Success","LOCATION_TYPE_STREET_ADDRESS","Meters","LinearInterpolation","1552.59621655068","LinearInterpolationAddressRange","StreetSegment","100","FeatureClassBased","ReturnAll","","AddressRangeInterpolation","","","1",38.8963376823704,-77.1065011668475,"Exact"
"53","Good Company Doughnuts & CafÃ©","NA","Prepared Meals","Good Company Doughnuts & CafÃ©","672 N. Glebe Road","Arlington","Virginia","22203","Upon Request","Upon Request","N/A","Year-round","NA","gocodough@gocodough.com","703-243-3000","https://gocodough.com/","N/A","Free lunches for school-aged kids in need and free delivery for seniors.","School aged child or elderly","1","1","1","0","1","1","0","0","1","0","0","0","0","0","0","0","0","0","Ballston","ART 41, 42, 51, 72, 75; Metrobus 1A, 2A, 10B, 22A, 23B/T, 25B, 38B",53,"USCGeocoder",0,1,"4.1","","","03","StreetSegmentInterpolation","Success","LOCATION_TYPE_STREET_ADDRESS","Meters","LinearInterpolation","3305.26691999089","LinearInterpolationAddressRange","StreetSegment","100","FeatureClassBased","ReturnAll","","AddressRangeInterpolation","","","1",38.8784943532609,-77.1116702261698,"Exact"
"54","ICNA Relief","NA","Food pantry","Baitul Mukarram Masjid","2116 South Nelson Street","Arlington","Virginia","22204","Monthly","2nd Friday of the month","1 - 2 PM","Year-round","Akmal Hussain","akmal.hussain@icnarelief.org","Â 917-943-8361","NA","Same as main contact info.","NA","Open to all","0","1","0","0","0","0","0","0","0","1","0","0","NA","0","0","0","0","0","NA","ART 77, 84; Metrobus 10B, 23A/B/T",54,"USCGeocoder",46.7446,1,"4.1","","","02","Parcel","Success","LOCATION_TYPE_STREET_ADDRESS","Meters","ArealInterpolation","733.366118438542","ArealInterpolationGeometricCentroid","Parcel","99","FeatureClassBased","ReturnAll","","ExactParcelCentroidPoint","","","1",38.8495795522453,-77.0905570266283,"Relaxed"
"55","ICNA Relief","NA","Food pantry","DHIC","824 S. Quincy St.","Arlington","Virginia","22204","Monthly","1st Friday of the month","1 - 2 PM","Year-round","Akmal Hussain","akmal.hussain@icnarelief.org","Â 917-943-8361","NA","Same as main contact info.","NA","Open to all","0","1","0","0","0","0","0","0","0","1","0","0","NA","0","0","0","0","0","NA","ART 41, 45, 72; Metrobus 16A/C/E/G/H, 22A, 23A/B/T",55,"USCGeocoder",31.2504,1,"4.1","","","02","Parcel","Success","LOCATION_TYPE_STREET_ADDRESS","Meters","ArealInterpolation","547.871559292078","ArealInterpolationGeometricCentroid","Parcel","99","FeatureClassBased","ReturnAll","","ExactParcelCentroidPoint","","","1",38.8617071334718,-77.0999587303729,"Relaxed"
"56","ICNA Relief","NA","Food pantry","NA","2912 Woodlawn Trail","Arlington","Virginia","22306","Twice Monthly","Usually 1st & 3rd Thursday","2pm","Year-round","Akmal Hussain","akmal.hussain@icnarelief.org","Â 917-943-8361","NA","Same as main contact info.","NA","Open to all","0","1","0","0","0","0","0","0","0","1","0","0","NA","0","0","0","0","0","NOT ARLINGTON","NA",56,"USCGeocoder",78.1309,1,"4.1","","","02","Parcel","Success","LOCATION_TYPE_STREET_ADDRESS","Meters","ArealInterpolation","1897.37311911583","ArealInterpolationGeometricCentroid","Parcel","96","FeatureClassBased","ReturnAll","","ExactParcelCentroidPoint","","","1",38.7517600854928,-77.0822116194666,"Relaxed"
"57","Kenmore Wednesday Moms","NA","Food pantry","Harvey Hall","860 S Greenbrier St","Arlington","Virginia","22204","Monthly","Last Friday of the month","By appointment","Year-round","Janeth Valenzuela","janeth2b@hotmail.com","703-589-7428","NA","Same as main contact info.","Regular offerings include rice, beans, corn flour, and oil.","Call Janeth to get added to the list.","0","1","0","0","0","0","0","1","0","1","0","0","NA","0","0","0","0","0","NA","ART 41, 45; Metrobus 16A/C/E/G/H, 25B, 28A",57,"USCGeocoder",0,1,"4.1","","","02","Parcel","Success","LOCATION_TYPE_STREET_ADDRESS","Meters","ArealInterpolation","560.573633268476","ArealInterpolationGeometricCentroid","Parcel","95.3254437869822","FeatureClassBased","ReturnAll","","ExactParcelCentroidPoint","","","1",38.8780278374651,-77.1258932606845,"Relaxed"
"58","Little Free Pantry","NA","Food pantry","Central Library","1015 N. Quincy St","Arlington","Virginia","22201","NA","NA","NA","Year-round","NA","NA","NA","NA","NA","Container outside Central Library is stocked with shelf-stable foods. Take what you need.","None. Open to all","0","1","1","0","0","0","0","0","0","1","0","0","0","0","0","0","0","0","NA","ART 42, 51, 52, 72, 75; Metrobus 1A, 2A, 10B, 22A, 23A/B/T, 25B 38B",58,"USCGeocoder",187.5085,1,"4.1","","","02","Parcel","Success","LOCATION_TYPE_STREET_ADDRESS","Meters","ArealInterpolation","7421.09096496552","ArealInterpolationGeometricCentroid","Parcel","100","FeatureClassBased","ReturnAll","","ExactParcelCentroidPoint","","","1",38.8834339857814,-77.1072676421576,"Exact"
"59","LOMAX AME Zion Church","NA","Food pantry","LOMAX AME Zion Church","2704 24th Rd S","Arlington","Virginia","22206","By Appointment","By Appointment","By Appointment","Year-round","Gloria Camp","lomaxamezchurch@gmail.com","703-979-8408","https://www.lomaxchurchva.com/","N/A","Shelf stable food items.","Open to all","0","1","1","0","0","0","0","0","0","1","0","0","0","0","0","0","0","0","NA","ART 75, 84, 87/A/P; Metrobus 10B, 23A/B/T",59,"USCGeocoder",78.1308,1,"4.1","","","03","StreetSegmentInterpolation","Success","LOCATION_TYPE_STREET_ADDRESS","Meters","LinearInterpolation","7685.57692235697","LinearInterpolationAddressRange","StreetSegment","100","FeatureClassBased","ReturnAll","","AddressRangeInterpolation","","","1",38.8479465336893,-77.0816397597613,"Exact"
"60","Our Lady Queen of Peace Catholic Church","NA","Food pantry","Our Lady Queen of Peace Catholic Church","2700 19th St S","Arlington","Virginia","22204","Weekly","Wednesday","8:30-11:30 AM","Year-round","Sally Diaz Wells","sdiazwells@olqpva.org","703-979-5580","https://www.ourladyqueenofpeace.org/food-pantry.html","N/A","Regular offerings include rice, beans, pasta, pasta sauce, mac & cheese. Alternating weeks also provides oil and eggs or corn flour (maseca) and tuna. Fresh produce provided when available. Also have Gabriel Program w/ services for pregnant/new parents an","Open to all","0","0","1","0","0","0","0","1","0","1","1","0","NA","1","0","1","1","1","NA","ART 77, 84; Metrobus 10B, 23A/B/T",60,"USCGeocoder",78.1318,1,"4.1","","","03","StreetSegmentInterpolation","Success","LOCATION_TYPE_STREET_ADDRESS","Meters","LinearInterpolation","3420.86443941947","LinearInterpolationAddressRange","StreetSegment","100","FeatureClassBased","ReturnAll","","AddressRangeInterpolation","","","1",38.8543583633029,-77.0828846662232,"Exact"
"61","Randolph Elementary School PTA","NA","Food pantry","Randolph Elementary School","1306 S Quincy St","Arlington","Virginia","22204","Once every 3 weeks","Friday","4 - 6 PM","July 9, July 30, August 20","Bethany Zecher Sutton","bethanyzechersutton@gmail.com","703-220-6087","https://randolphelementarypta.org/covid-19-food-pantry-donation/","Will need to tell name of Randolph student when picking up food.","Regular offerings include rice, beans, pasta, pasta sauce, tortillas, taco seasoning, canned vegetables or fruit, instant oatmeal, granola bars, canned tuna. Additional items, including fresh produce also provided and vary by week.","Child enrolled at Randolph ES","1","1","0","1","1","0","0","0","0","1","0","0","NA","0","0","0","0","0","NA","ART 41, 45, 72, 84; Metrobus 16A/C/E/G/H, 22A/B",61,"USCGeocoder",15.6265,1,"4.1","","","03","StreetSegmentInterpolation","Success","LOCATION_TYPE_STREET_ADDRESS","Meters","LinearInterpolation","3487.4409421155","LinearInterpolationAddressRange","StreetSegment","100","FeatureClassBased","ReturnAll","","AddressRangeInterpolation","","","1",38.8569638728626,-77.0979610929908,"Exact"
"62","Real Food For Kids","AHC","Prepared Meals","Gates of Ballston Apartments (AHC)","4108 4th St N","Arlington","Virginia","22204","Weekly","Tuesday","0.6875","Year-round","Mary Porter","mporter@realfoodforkids.org","NA","https://www.realfoodforkids.org/programs/chefs-feeding-families/","Seila Santiago: selia.santiago.org or 571-241-0478","Plant-based meals for the whole family made by restaurant chefs.","Open to AHC residents at this location. Contact AHC resident services to enroll.","1","1","0","1","0","0","0","1","1","0","0","0","NA","0","0","0","0","0","NA","ART 41, 42, 72; Metrobus 1A, 4B, 10B, 22A, 23B/T, 25B",62,"USCGeocoder",31.2479,1,"4.1","","","03","StreetSegmentInterpolation","Success","LOCATION_TYPE_STREET_ADDRESS","Meters","LinearInterpolation","7054.6279467491","LinearInterpolationAddressRange","StreetSegment","96.0059171597633","FeatureClassBased","ReturnAll","","AddressRangeInterpolation","","","1",38.8753775063216,-77.1074884573024,"Relaxed"
"63","Real Food For Kids","AHC","Prepared Meals","The Shelton (AHC)","3215 24th St S","Arlington","Virginia","22206","Weekly","Thursday","0.6875","Year-round","Mary Porter","mporter@realfoodforkids.org","NA","https://www.realfoodforkids.org/programs/chefs-feeding-families/","Edgar Awuney 703-203-4228","Plant-based meals for the whole family made by restaurant chefs.","Open to AHC residents at this location. Contact AHC resident services to enroll.","1","1","0","1","0","0","0","1","1","0","0","0","NA","0","0","0","0","0","NA","ART 75, 77, 84, 87; Metrobus 10B, 23A/B/T",63,"USCGeocoder",46.8821,1,"4.1","","","03","StreetSegmentInterpolation","Success","LOCATION_TYPE_STREET_ADDRESS","Meters","LinearInterpolation","1601.30180216371","LinearInterpolationAddressRange","StreetSegment","100","FeatureClassBased","ReturnAll","","AddressRangeInterpolation","","","1",38.8486356439544,-77.0841890669653,"Exact"
"64","Real Food For Kids","AHC","Prepared Meals","Virginia Gardens (AHC)","1718 S Taylor St","Arlington","Virginia","22204","Weekly","Thursday","0.708333333","Year-round","Mary Porter","mporter@realfoodforkids.org","NA","https://www.realfoodforkids.org/programs/chefs-feeding-families/","Melissa Mule 571-212-8003","Plant-based meals for the whole family made by restaurant chefs.","Open to AHC residents at this location. Contact AHC resident services to enroll.","1","1","0","1","0","0","0","1","1","0","0","0","NA","0","0","0","0","0","NA","ART 45, 72, 77; Metrobus 22A",64,"USCGeocoder",62.517,1,"4.1","","","03","StreetSegmentInterpolation","Success","LOCATION_TYPE_STREET_ADDRESS","Meters","LinearInterpolation","8730.94616254186","LinearInterpolationAddressRange","StreetSegment","100","FeatureClassBased","ReturnAll","","AddressRangeInterpolation","","","1",38.8516824279627,-77.1003249168713,"Exact"
"65","Real Food For Kids","AHC","Prepared Meals","The Serrano (AHC)","5535 Columbia Pike","Arlington","Virginia","22204","Weekly","Tuesday","0.708333333","Year-round","Mary Porter","mporter@realfoodforkids.org","NA","https://www.realfoodforkids.org/programs/chefs-feeding-families/","Andrea Gaitan 703-470-4112","Plant-based meals for the whole family made by restaurant chefs.","Open to AHC residents at this location. Contact AHC resident services to enroll.","1","1","0","1","0","0","0","1","1","0","0","0","NA","0","0","0","0","0","NA","ART 41, 45, 75; Metrobus 16A/C/E/G/H, 25B, 28A",65,"USCGeocoder",46.8761,1,"4.1","","","03","StreetSegmentInterpolation","Success","LOCATION_TYPE_STREET_ADDRESS","Meters","LinearInterpolation","5695.45527245197","LinearInterpolationAddressRange","StreetSegment","100","FeatureClassBased","ReturnAll","","AddressRangeInterpolation","","","1",38.8537520457503,-77.1193596848446,"Exact"
"66","Real Food For Kids","Virginia Hospital Center Pediatric Clinic","Prepared Meals","Virginia Hospital Center Pediatrics","3401 Columbia Pike, Suite 200","Arlington","Virginia","22204","Weekly","Tuesday","0.708333333","Year-round","Mary Porter","mporter@realfoodforkids.org","NA","https://www.realfoodforkids.org/programs/chefs-feeding-families/","Jenny Reyes: 703-717-7009 or 571-623-5449","Plant-based meals for the whole family made by restaurant chefs.","Open to VHC Pediatrics clients. Contact provider, Jenny Reyes or Diana Rodriguez to enroll.","1","1","0","1","1","0","0","1","1","0","0","0","NA","0","0","0","0","0","NA","ART 41, 45, 75; Metrobus 10B, 16A/C/E/G/H, 23A/B/T",66,"USCGeocoder",93.7485,1,"4.1","","","02","Parcel","Success","LOCATION_TYPE_STREET_ADDRESS","Meters","ArealInterpolation","5685.74829444289","ArealInterpolationGeometricCentroid","Parcel","99","FeatureClassBased","ReturnAll","","ExactParcelCentroidPoint","","","1",38.8617672863171,-77.0925466459007,"Relaxed"
"67","Real Food For Kids","Abingdon Elementary School PTA","Prepared Meals","Abingdon Elementary School","3035 South Abingdon St.","Arlington","Virginia","22206","Weekly","Wednesday","0.677083333","Year-round","Mary Porter","mporter@realfoodforkids.org","NA","https://www.realfoodforkids.org/programs/chefs-feeding-families/","Margarita Zwisler: margarita.zwisler2@apsva.us or 571-619-6632","Plant-based meals for the whole family made by restaurant chefs.","Open to Abingdon Elementary School families. Contact Abingdon school social worker, Margarita Zwisler, to sign up.","1","1","0","1","1","0","0","1","1","0","0","0","NA","0","0","0","0","0","NA","ART 72, 77; Metrobus 7A/F/Y, 22A",67,"USCGeocoder",15.6237,1,"4.1","","","02","Parcel","Success","LOCATION_TYPE_STREET_ADDRESS","Meters","ArealInterpolation","43251.6776149273","ArealInterpolationGeometricCentroid","Parcel","99","FeatureClassBased","ReturnAll","","ExactParcelCentroidPoint","","","1",38.8396522355781,-77.0962189730074,"Relaxed"
"68","Real Food For Kids","Abingdon Elementary School PTA","Meal Kits","Abingdon Elementary School","3035 South Abingdon St.","Arlington","Virginia","22206","Weekly","Wednesday","0.677083333","Year-round","Mary Porter","mporter@realfoodforkids.org","NA","https://www.realfoodforkids.org/programs/chefs-feeding-families/","Margarita Zwisler: margarita.zwisler2@apsva.us or 571-619-6632","Meal kits with fresh produce and recipes that are enough to make 16 meals","Open to Abingdon Elementary School families. Contact Abingdon school social worker, Margarita Zwisler, to sign up.","1","1","0","1","1","0","0","1","0","0","0","0","NA","0","0","0","0","0","NA","NA",68,"USCGeocoder",15.6258,1,"4.1","","","02","Parcel","Success","LOCATION_TYPE_STREET_ADDRESS","Meters","ArealInterpolation","43251.6776149273","ArealInterpolationGeometricCentroid","Parcel","99","FeatureClassBased","ReturnAll","","ExactParcelCentroidPoint","","","1",38.8396522355781,-77.0962189730074,"Relaxed"
"69","Real Food For Kids","Carlin Springs Elementary Schools","Meal Kits","Carlin Springs Elementary Schools","5995 5th Rd S","Arlington","Virginia","22204","Bi-weekly","Wednesday","0.708333333","Year-round","Mary Porter","mporter@realfoodforkids.org","NA","https://www.realfoodforkids.org/programs/chefs-feeding-families/","Carol Sabatino: carol.sabatino@apsva.us or 703-228-8409","Meal kits with fresh produce and recipes that are enough to make 16 meals","Open to CSES famiiles only. Contact Carol Sabatino for more information","1","1","0","1","1","0","0","1","0","0","0","0","NA","0","0","0","0","0","NA","NA",69,"USCGeocoder",93.7587,1,"4.1","","","03","StreetSegmentInterpolation","Success","LOCATION_TYPE_STREET_ADDRESS","Meters","LinearInterpolation","1743.46028563345","LinearInterpolationAddressRange","StreetSegment","100","FeatureClassBased","ReturnAll","","AddressRangeInterpolation","","","1",38.8618186817342,-77.131784001211,"Exact"
"70","Real Food For Kids","Colonial Village Apartments","Prepared Meals","Colonial Village Apartments","48 N. 18th Street","Arlington","Virginia","22201","Weekly","Tuesday","0.625","Year-round","Mary Porter","mporter@realfoodforkids.org","NA","https://www.realfoodforkids.org/programs/chefs-feeding-families/","Abyy Gurara agurara@whdc.org or 571-253-3399","Plant-based meals for the whole family made by restaurant chefs.","Open to Colonial Village families only. Contact Abby Gurara for more information","1","1","0","1","1","0","0","1","1","0","0","0","NA","0","0","0","0","0","NA","NA",70,"USCGeocoder",2110.9328,1,"4.1","","","09","AddressZIPCentroid","Success","LOCATION_TYPE_STREET_ADDRESS","Meters","ArealInterpolation","6058556.55068326","ArealInterpolationGeometricCentroid","USPSZip","60","FeatureClassBased","ReturnAll","","USPSZipAreaCentroid","","","1",38.887343,-77.098842,"Relaxed;Soundex"
"71","Rosslyn Farmer's Market","FreshFarm","Discount groceries","Central Place Plaza","1800 N. Lynn St","Arlington","Virginia","22209","Weekly","Wednesday","3 - 7 PM","May 5 - Oct. 27","Kim Haun","Khaun@arlingtonva.us","703-228-7872","https://www.freshfarm.org/markets/rosslyn","N/A","All FRESHFARM markets accept SNAP/EBT, WIC and Senior FMNP checks. FRESH Match provides a dollar-for-dollar match on all federal benefits spent at market.","NA","0","1","1","0","0","0","0","0","0","1","1","1","0","0","0","0","0","0","Rosslyn","ART 43, 45, 55; Metrobus 4B, 5A, 38B",71,"USCGeocoder",31.2495,1,"4.1","","","02","Parcel","Success","LOCATION_TYPE_STREET_ADDRESS","Meters","ArealInterpolation","1189.77556416392","ArealInterpolationGeometricCentroid","Parcel","95.3254437869822","FeatureClassBased","ReturnAll","","ExactParcelCentroidPoint","","","1",38.8566262235736,-77.0672125379218,"Relaxed"
"72","SHARE Food Network","NA","Discount groceries","Macedonia Baptist Church","3412 South 22nd St.","Arlington","Virginia","22204","Monthly","4th Saturday of the month","0.333333333","Year-round","Darlene F. Gilbert","darlenefg1@yahoo.com","703-371-7356","https://www.catholiccharitiesdc.org/share/","Same as main contact info.","MonthlyÂ value packagesÂ cost $22 and include $40-$45 worth of basic and healthy groceries; always four to six pounds of frozen proteins and eight to 12 poundsÂ of fresh fruits and vegetables. Additional specials are also available. SNAP can be used to pa","Open to all. Email or call Darlene Gilbert to sign up.","0","1","0","0","0","0","0","0","0","1","1","1","0","0","0","0","0","0","NA","ART 77, 84, 87; Metrobus 10B, 23A/B/T",72,"USCGeocoder",62.5001,1,"4.1","","","03","StreetSegmentInterpolation","Success","LOCATION_TYPE_STREET_ADDRESS","Meters","LinearInterpolation","1881.86250173114","LinearInterpolationAddressRange","StreetSegment","99.3491124260355","FeatureClassBased","ReturnAll","","AddressRangeInterpolation","","","1",38.8498835468518,-77.0853073670335,"Relaxed"
"73","SHARE Food Network","NA","Discount groceries","LOMAX AME Zion Church","2704 24th Rd S","Arlington","Virginia","22206","Monthly","4th Saturday of the month","11:15 AM - 12:30 PM","Year-round","Gloria Camp","lomaxamezchurch@gmail.com","703-979-8408","https://www.catholiccharitiesdc.org/share/","Same as main contact info.","MonthlyÂ value packagesÂ cost $22 and include $40-$45 worth of basic and healthy groceries; always four to six pounds of frozen proteins and eight to 12 poundsÂ of fresh fruits and vegetables. Additional specials are also available. SNAP can be used to pa","Open to all.","0","1","0","0","0","0","0","0","0","1","1","1","0","0","0","0","0","0","NA","ART 75, 84, 87/A/P; Metrobus 10B, 23A/B/T",73,"USCGeocoder",31.255,1,"4.1","","","03","StreetSegmentInterpolation","Success","LOCATION_TYPE_STREET_ADDRESS","Meters","LinearInterpolation","7685.57692235697","LinearInterpolationAddressRange","StreetSegment","100","FeatureClassBased","ReturnAll","","AddressRangeInterpolation","","","1",38.8479465336893,-77.0816397597613,"Exact"
"74","Social 60+ CafÃ©","Department of Parks & Rec","Prepared meals","Langston Brown Community Center","2121 N. Culpeper Street","Arlington","Virginia","22207","Daily","Tuesday - Friday","NA","Year-round","Nick England","osap@arlingtonva.us","703-228-6300","https://parks.arlingtonva.us/programs/social-60-cafe/","Register in person or call 703-228-6300","Designed to help older individuals remain independent and involved in their community by providing meals, transportation and related nutrition services.","Arlington County residents age 60 years or older and their spouses, regardless of income.","1","1","0","0","0","1","0","0","1","0","0","0","0","0","0","0","0","0","NA","ART 51, 52, 55, 72; Metrobus 23A/T",74,"USCGeocoder",62.4995,1,"4.1","","","03","StreetSegmentInterpolation","Success","LOCATION_TYPE_STREET_ADDRESS","Meters","LinearInterpolation","3519.48252980731","LinearInterpolationAddressRange","StreetSegment","100","FeatureClassBased","ReturnAll","","AddressRangeInterpolation","","","1",38.8955871753621,-77.1265677279378,"Exact"
"75","St. Anthony of Padua Catholic Church","NA","Food pantry","St. Anthony of Padua Catholic Church","3305 Glen Carlyn Rd","Arlington","Virginia","22041","Twice weekly","Monday & Wednesday","10 AM - 2 PM","Year-round","Ubaldo Cisneros","ucisneros@stanthonyparish.org","703-820-7111","https://stanthonyofpaduacommunity.com/food-pantry/","In person at first visit","Fresh veggies & fruits, meat or fish, canned food, cereals, pastries, bread, rice and beans. Monthly.","NA","0","1","0","0","0","0","0","0","0","1","1","0","NA","1","0","0","0","0","NA","Metrobus 16 C/E, 28A",75,"USCGeocoder",15.6247,1,"4.1","","","02","Parcel","Success","LOCATION_TYPE_STREET_ADDRESS","Meters","ArealInterpolation","20225.2033058219","ArealInterpolationGeometricCentroid","Parcel","96","FeatureClassBased","ReturnAll","","ExactParcelCentroidPoint","","","1",38.8566580527098,-77.1386810284628,"Relaxed"
"76","St. Charles Borromeo Catholic Church","NA","Food pantry","St. Charles Borromeo Catholic Church","3304 Washington Blvd","Arlington","Virginia","22201","Weekly","Tuesday","10 AM - 12 PM","Year-round","Anne Marie Kaufmann","akaufmann@stcharleschurch.org","703-527-5500","http://www.stcharleschurch.org/outreach#food-pantry","N/A","Shelf-stable food items.","NA","0","1","1","0","0","0","0","1","0","1","0","0","NA","0","0","0","0","0","Clarendon","ART 41, 42, 77; Metrobus 38B",76,"USCGeocoder",31.2534,1,"4.1","","","02","Parcel","Success","LOCATION_TYPE_STREET_ADDRESS","Meters","ArealInterpolation","7683.64974348457","ArealInterpolationGeometricCentroid","Parcel","100","FeatureClassBased","ReturnAll","","ExactParcelCentroidPoint","","","1",38.8855572234805,-77.099297276603,"Exact"
"77","St. George's Episcopal Church","NA","Food pantry","St. George's Episcopal Church","915 N. Oakland St","Arlington","Virginia","22203","Twice weekly","Monday & Thursday","12 - 1 PM","Year-round","NA","NA","703-525-8286","https://www.saintgeorgeschurch.org/foodpantry","N/A","Shelf-stable food items. Toiletries available based on availability.","NA","0","1","1","0","0","0","0","0","0","1","0","0","0","0","0","0","0","0","Virginia Square","ART 41, 42, 51, 75; Metrobus 1A, 2A, 10B, 22A, 23A/B/T, 25B , 38B",77,"USCGeocoder",47.1618,1,"4.1","","","03","StreetSegmentInterpolation","Success","LOCATION_TYPE_STREET_ADDRESS","Meters","LinearInterpolation","2252.57245247159","LinearInterpolationAddressRange","StreetSegment","100","FeatureClassBased","ReturnAll","","AddressRangeInterpolation","","","1",38.8820232006318,-77.1044447136542,"Exact"
